fold,imagen,gt,tp,fp,fn,ratio_fp_gt
fold1,2078,1,1,186,0,186.0
fold1,2011,271,174,126,97,0.46
fold1,2052,53,46,81,7,1.53
fold3,2002,378,67,64,311,0.17
fold1,2081,1,0,59,1,59.0
fold5,2023,56,35,57,21,1.02
fold5,2024,8,4,44,4,5.5
fold2,2082,8,6,34,2,4.25
fold5,2079,1,0,32,1,32.0
fold5,2003,94,58,30,36,0.32
fold4,2054,212,45,29,167,0.14
fold1,2013,12,10,21,2,1.75
fold2,2006,72,22,20,50,0.28
fold4,2022,23,15,19,8,0.83
fold2,2012,165,82,18,83,0.11
fold5,2008,14,8,18,6,1.29
fold4,2053,102,29,17,73,0.17
fold3,2014,10,7,16,3,1.6
fold4,2004,57,20,16,37,0.28
fold1,2055,6,5,8,1,1.33
fold5,2009,13,6,8,7,0.62
fold5,2010,13,6,8,7,0.62
fold1,2075,3,3,7,0,2.33
fold4,2046,10,7,7,3,0.7
fold3,2047,35,22,6,13,0.17
fold3,2061,13,9,6,4,0.46
fold2,2005,123,24,5,99,0.04
fold4,2051,97,17,5,80,0.05
fold5,2063,2,1,5,1,2.5
fold1,2042,7,6,4,1,0.57
fold2,2065,12,9,4,3,0.33
fold1,2058,6,4,3,2,0.5
fold2,2041,6,2,3,4,0.5
fold2,2048,2,1,3,1,1.5
fold3,2059,13,8,3,5,0.23
fold3,2064,5,2,3,3,0.6
fold3,2068,4,2,3,2,0.75
fold4,2007,7,5,3,2,0.43
fold4,2080,1,0,3,1,3.0
fold3,2073,1,1,2,0,2.0
fold5,2067,5,5,2,0,0.4
fold1,2035,1,0,1,1,1.0
fold2,2050,33,18,1,15,0.03
fold3,2043,2,1,1,1,0.5
fold3,2044,9,7,1,2,0.11
fold4,2062,22,2,1,20,0.05
fold4,2074,2,0,1,2,0.5
fold5,2060,13,5,1,8,0.08
fold5,2071,2,2,1,0,0.5
fold1,2029,1,1,0,0,0.0
fold1,2037,3,2,0,1,0.0
fold2,2040,2,1,0,1,0.0
fold2,2049,7,5,0,2,0.0
fold2,2069,1,0,0,1,0.0
fold2,2070,2,0,0,2,0.0
fold3,2034,1,1,0,0,0.0
fold3,2045,5,3,0,2,0.0
fold4,2056,9,4,0,5,0.0
fold4,2066,2,1,0,1,0.0
fold5,2030,1,1,0,0,0.0
