image_id,expert_count,n_all_insects
1000,49,51
1001,45,59
1002,50,53
1003,65,74
1004,44,50
1005,28,28
1006,32,32
1007,20,20
1008,36,36
1009,173,174
1010,0,3
1011,0,4
1012,0,4
1013,0,8
1014,0,8
1015,0,7
1016,0,10
1017,0,9
1018,0,7
1019,0,11
1020,0,8
1021,0,8
1022,0,10
1023,0,5
1024,0,10
1025,0,8
1026,0,6
1027,0,9
1028,0,16
1029,0,8
1030,0,7
1031,0,11
1032,0,3
1033,0,3
1034,1,4
1035,0,8
1036,0,4
1037,0,8
1038,0,4
1039,0,11
1040,0,13
1041,0,11
1042,0,16
1043,0,8
1044,0,3
1045,0,11
1046,0,11
1047,0,9
1048,0,7
1049,0,19
1050,0,8
1051,0,5
1052,0,5
1053,0,11
1054,0,8
1055,0,7
1056,0,3
1057,0,5
1058,0,6
1059,0,8
1060,0,16
1061,0,9
1062,0,7
1063,0,11
1064,0,8
1065,0,13
1066,0,4
1067,0,8
1068,0,4
1069,0,5
1070,0,3
1071,0,4
1072,0,5
1073,0,10
1074,0,11
1075,0,9
1076,0,7
1077,0,10
1078,0,16
1079,0,8
1080,0,12
1081,0,10
1082,0,14
1083,0,8
1084,0,10
1085,0,13
1086,0,9
1087,0,6
1088,0,11
1089,0,16
1090,0,9
1091,0,7
1092,0,10
1093,0,7
1094,0,14
1095,0,8
1096,0,4
1097,0,10
1098,0,5
1099,7,19
1100,18,32
1101,9,15
1102,1,6
1103,9,16
1104,1,11
1105,5,11
1106,22,25
1107,8,10
1108,6,13
1109,7,41
1110,4,20
1111,17,32
1112,5,19
1113,5,35
1114,15,53
1115,19,51
1116,9,17
1117,3,16
1118,5,35
1119,3,20
1120,0,2
1121,1,2
1122,1,3
1123,0,1
1124,0,23
1125,3,6
1126,16,16
1127,1,5
1128,45,45
1129,0,7
1130,0,7
1131,3,18
1132,2,4
1133,3,7
1134,16,17
1135,31,32
1136,7,8
1137,7,11
1138,24,30
1139,0,9
1140,1,7
1141,2,4
1142,22,23
1143,18,20
1144,1,5
1145,10,13
1146,2,8
1147,2,4
1148,4,5
1149,7,9
1150,2,5
1151,3,21
1152,44,45
1153,46,51
1154,21,22
1155,100,106
1156,224,227
1157,11,14
1158,37,51
1159,97,101
1160,39,39
1161,18,26
1162,29,30
1163,34,47
1164,49,57
1165,2,7
1166,23,31
1167,9,10
1168,15,33
1169,11,13
1170,100,115
1171,21,33
1172,13,15
1173,75,78
1174,47,62
1175,25,28
1176,11,12
1177,5,21
1178,2,17
1179,1,9
1180,3,10
1181,34,44
1182,24,24
1183,44,45
1184,14,14
1185,25,25
1186,20,20
1187,12,13
1188,20,20
1189,30,30
1190,33,33
1191,77,79
1192,130,130
1193,42,42
1194,71,71
1195,52,53
1196,67,68
1197,28,30
1198,54,54
1199,20,21
1200,29,29
1201,30,30
1202,2,4
1203,15,16
1204,5,5
1205,12,14
1206,3,5
1207,18,18
1208,7,7
1209,36,36
1210,60,60
1211,18,18
1212,22,23
1213,13,13
1214,26,28
1215,66,69
1216,19,21
1217,67,68
1218,21,22
1219,14,15
1220,8,9
1221,31,32
1222,24,31
1223,27,39
1224,5,10
1225,17,21
1226,12,14
1227,14,21
1228,15,15
1229,18,19
1230,35,38
1231,23,29
1232,7,15
1233,11,15
1234,12,15
1235,39,40
1236,21,21
1237,48,50
1238,12,12
1239,17,18
1240,36,41
1241,18,18
1242,14,14
1243,7,8
1244,18,18
1245,2,6
1246,38,39
1247,19,20
1248,41,42
1249,103,111
1250,166,281
1251,94,103
1252,228,327
1253,73,97
1254,64,87
1255,17,26
1256,12,42
1257,15,22
1258,29,34
1259,21,36
1260,47,100
1261,21,41
1262,28,42
1263,30,47
1264,24,42
1265,2,3
1266,6,7
1267,33,34
1268,42,45
1269,38,42
1270,54,81
1271,95,116
1272,37,50
1273,65,117
1274,38,72
1275,86,153
1276,38,41
1277,125,166
1278,50,61
1279,1,3
1280,1,2
1281,63,63
1282,86,86
1283,39,39
